{
  "location": {
    "precision": 0.64,
    "recall": 0.64,
    "f1-score": 0.64,
    "support": 25
  },
  "language": {
    "precision": 1.0,
    "recall": 0.25,
    "f1-score": 0.4,
    "support": 4
  },
  "max_salary_for_position": {
    "precision": 0.5,
    "recall": 0.2727272727272727,
    "f1-score": 0.3529411764705882,
    "support": 11
  },
  "language_level": {
    "precision": 0.0,
    "recall": 0.0,
    "f1-score": 0.0,
    "support": 11
  },
  "experience": {
    "precision": 0.3333333333333333,
    "recall": 0.22857142857142856,
    "f1-score": 0.2711864406779661,
    "support": 35
  },
  "profession": {
    "precision": 0.0,
    "recall": 0.0,
    "f1-score": 0.0,
    "support": 20
  },
  "hardskills": {
    "precision": 0.6923076923076923,
    "recall": 0.7297297297297297,
    "f1-score": 0.7105263157894737,
    "support": 37
  },
  "micro avg": {
    "precision": 0.5789473684210527,
    "recall": 0.38461538461538464,
    "f1-score": 0.46218487394957986,
    "support": 143
  },
  "macro avg": {
    "precision": 0.4522344322344323,
    "recall": 0.30300406157549015,
    "f1-score": 0.33923627613400403,
    "support": 143
  },
  "weighted avg": {
    "precision": 0.43903532365070824,
    "recall": 0.38461538461538464,
    "f1-score": 0.40044302132248816,
    "support": 143
  }
}