{
  "location": {
    "precision": 0.9444444444444444,
    "recall": 0.68,
    "f1-score": 0.7906976744186047,
    "support": 25
  },
  "language": {
    "precision": 0.0,
    "recall": 0.0,
    "f1-score": 0.0,
    "support": 4
  },
  "max_salary_for_position": {
    "precision": 1.0,
    "recall": 0.9090909090909091,
    "f1-score": 0.9523809523809523,
    "support": 11
  },
  "language_level": {
    "precision": 0.0,
    "recall": 0.0,
    "f1-score": 0.0,
    "support": 11
  },
  "experience": {
    "precision": 1.0,
    "recall": 0.7142857142857143,
    "f1-score": 0.8333333333333333,
    "support": 35
  },
  "profession": {
    "precision": 1.0,
    "recall": 1.0,
    "f1-score": 1.0,
    "support": 20
  },
  "hardskills": {
    "precision": 1.0,
    "recall": 0.8378378378378378,
    "f1-score": 0.911764705882353,
    "support": 37
  },
  "micro avg": {
    "precision": 0.9903846153846154,
    "recall": 0.7202797202797203,
    "f1-score": 0.8340080971659918,
    "support": 143
  },
  "macro avg": {
    "precision": 0.7063492063492064,
    "recall": 0.5916020658877802,
    "f1-score": 0.6411680951450347,
    "support": 143
  },
  "weighted avg": {
    "precision": 0.8853923853923854,
    "recall": 0.7202797202797203,
    "f1-score": 0.7912279239228625,
    "support": 143
  }
}