{
  "location": {
    "precision": 1.0,
    "recall": 0.875,
    "f1-score": 0.9333333333333333,
    "support": 8
  },
  "language": {
    "precision": 1.0,
    "recall": 1.0,
    "f1-score": 1.0,
    "support": 3
  },
  "max_salary_for_position": {
    "precision": 0.0,
    "recall": 0.0,
    "f1-score": 0.0,
    "support": 7
  },
  "language_level": {
    "precision": 0.0,
    "recall": 0.0,
    "f1-score": 0.0,
    "support": 3
  },
  "experience": {
    "precision": 0.7931034482758621,
    "recall": 1.0,
    "f1-score": 0.8846153846153846,
    "support": 23
  },
  "profession": {
    "precision": 1.0,
    "recall": 1.0,
    "f1-score": 1.0,
    "support": 7
  },
  "hardskills": {
    "precision": 1.0,
    "recall": 0.75,
    "f1-score": 0.8571428571428571,
    "support": 20
  },
  "micro avg": {
    "precision": 0.9016393442622951,
    "recall": 0.7746478873239436,
    "f1-score": 0.8333333333333333,
    "support": 71
  },
  "macro avg": {
    "precision": 0.6847290640394089,
    "recall": 0.6607142857142857,
    "f1-score": 0.667870225013082,
    "support": 71
  },
  "weighted avg": {
    "precision": 0.7921321029626032,
    "recall": 0.7746478873239436,
    "f1-score": 0.7740236289532065,
    "support": 71
  }
}