{
  "location": {
    "precision": 0.875,
    "recall": 0.9333333333333333,
    "f1-score": 0.9032258064516129,
    "support": 15
  },
  "language": {
    "precision": 1.0,
    "recall": 0.6,
    "f1-score": 0.7499999999999999,
    "support": 5
  },
  "user_name": {
    "precision": 0.0,
    "recall": 0.0,
    "f1-score": 0.0,
    "support": 2
  },
  "max_salary_for_position": {
    "precision": 1.0,
    "recall": 1.0,
    "f1-score": 1.0,
    "support": 11
  },
  "language_level": {
    "precision": 0.2,
    "recall": 0.3333333333333333,
    "f1-score": 0.25,
    "support": 3
  },
  "experience": {
    "precision": 1.0,
    "recall": 0.7105263157894737,
    "f1-score": 0.8307692307692308,
    "support": 38
  },
  "profession": {
    "precision": 1.0,
    "recall": 0.8333333333333334,
    "f1-score": 0.9090909090909091,
    "support": 30
  },
  "hardskills": {
    "precision": 0.9074074074074074,
    "recall": 0.875,
    "f1-score": 0.8909090909090909,
    "support": 56
  },
  "micro avg": {
    "precision": 0.9219858156028369,
    "recall": 0.8125,
    "f1-score": 0.8637873754152824,
    "support": 160
  },
  "macro avg": {
    "precision": 0.747800925925926,
    "recall": 0.6606907894736842,
    "f1-score": 0.6917493796526055,
    "support": 160
  },
  "weighted avg": {
    "precision": 0.9283738425925925,
    "recall": 0.8125,
    "f1-score": 0.8611328389352583,
    "support": 160
  }
}