{
  "location": {
    "precision": 1.0,
    "recall": 0.64,
    "f1-score": 0.7804878048780487,
    "support": 25
  },
  "language": {
    "precision": 1.0,
    "recall": 0.25,
    "f1-score": 0.4,
    "support": 4
  },
  "max_salary_for_position": {
    "precision": 0.0,
    "recall": 0.0,
    "f1-score": 0.0,
    "support": 11
  },
  "language_level": {
    "precision": 0.0,
    "recall": 0.0,
    "f1-score": 0.0,
    "support": 11
  },
  "experience": {
    "precision": 0.6808510638297872,
    "recall": 0.9142857142857143,
    "f1-score": 0.7804878048780487,
    "support": 35
  },
  "profession": {
    "precision": 1.0,
    "recall": 0.5,
    "f1-score": 0.6666666666666666,
    "support": 20
  },
  "hardskills": {
    "precision": 0.7954545454545454,
    "recall": 0.9459459459459459,
    "f1-score": 0.8641975308641975,
    "support": 37
  },
  "micro avg": {
    "precision": 0.7899159663865546,
    "recall": 0.6573426573426573,
    "f1-score": 0.7175572519083969,
    "support": 143
  },
  "macro avg": {
    "precision": 0.6394722298977619,
    "recall": 0.4643188086045229,
    "f1-score": 0.49883425818385163,
    "support": 143
  },
  "weighted avg": {
    "precision": 0.715116121789236,
    "recall": 0.6573426573426573,
    "f1-score": 0.6555098620139269,
    "support": 143
  }
}