{
  "location": {
    "precision": 0.7777777777777778,
    "recall": 0.875,
    "f1-score": 0.823529411764706,
    "support": 24
  },
  "language": {
    "precision": 0.0,
    "recall": 0.0,
    "f1-score": 0.0,
    "support": 4
  },
  "max_salary_for_position": {
    "precision": 1.0,
    "recall": 1.0,
    "f1-score": 1.0,
    "support": 11
  },
  "language_level": {
    "precision": 0.0,
    "recall": 0.0,
    "f1-score": 0.0,
    "support": 4
  },
  "experience": {
    "precision": 0.72,
    "recall": 0.5142857142857142,
    "f1-score": 0.6,
    "support": 35
  },
  "profession": {
    "precision": 0.6285714285714286,
    "recall": 1.0,
    "f1-score": 0.7719298245614035,
    "support": 22
  },
  "hardskills": {
    "precision": 0.9333333333333333,
    "recall": 0.8235294117647058,
    "f1-score": 0.8749999999999999,
    "support": 34
  },
  "micro avg": {
    "precision": 0.78125,
    "recall": 0.746268656716418,
    "f1-score": 0.7633587786259542,
    "support": 134
  },
  "macro avg": {
    "precision": 0.579954648526077,
    "recall": 0.6018307322929172,
    "f1-score": 0.5814941766180156,
    "support": 134
  },
  "weighted avg": {
    "precision": 0.7494669509594883,
    "recall": 0.746268656716418,
    "f1-score": 0.7350534479306255,
    "support": 134
  }
}