{
  "location": {
    "precision": 1.0,
    "recall": 0.875,
    "f1-score": 0.9333333333333333,
    "support": 8
  },
  "language": {
    "precision": 1.0,
    "recall": 1.0,
    "f1-score": 1.0,
    "support": 3
  },
  "max_salary_for_position": {
    "precision": 0.5,
    "recall": 0.42857142857142855,
    "f1-score": 0.4615384615384615,
    "support": 7
  },
  "language_level": {
    "precision": 0.0,
    "recall": 0.0,
    "f1-score": 0.0,
    "support": 3
  },
  "experience": {
    "precision": 0.8260869565217391,
    "recall": 0.8260869565217391,
    "f1-score": 0.8260869565217391,
    "support": 23
  },
  "profession": {
    "precision": 1.0,
    "recall": 1.0,
    "f1-score": 1.0,
    "support": 7
  },
  "hardskills": {
    "precision": 1.0,
    "recall": 0.75,
    "f1-score": 0.8571428571428571,
    "support": 20
  },
  "micro avg": {
    "precision": 0.8852459016393442,
    "recall": 0.7605633802816901,
    "f1-score": 0.8181818181818182,
    "support": 71
  },
  "macro avg": {
    "precision": 0.7608695652173914,
    "recall": 0.6970940550133096,
    "f1-score": 0.72544308693377,
    "support": 71
  },
  "weighted avg": {
    "precision": 0.852112676056338,
    "recall": 0.7605633802816901,
    "f1-score": 0.800567507609761,
    "support": 71
  }
}