{
  "location": {
    "precision": 0.875,
    "recall": 1.0,
    "f1-score": 0.9333333333333333,
    "support": 7
  },
  "language": {
    "precision": 0.6666666666666666,
    "recall": 0.6666666666666666,
    "f1-score": 0.6666666666666666,
    "support": 3
  },
  "user_name": {
    "precision": 0.0,
    "recall": 0.0,
    "f1-score": 0.0,
    "support": 1
  },
  "max_salary_for_position": {
    "precision": 1.0,
    "recall": 0.14285714285714285,
    "f1-score": 0.25,
    "support": 7
  },
  "language_level": {
    "precision": 0.0,
    "recall": 0.0,
    "f1-score": 0.0,
    "support": 3
  },
  "experience": {
    "precision": 0.7241379310344828,
    "recall": 0.84,
    "f1-score": 0.7777777777777777,
    "support": 25
  },
  "profession": {
    "precision": 1.0,
    "recall": 0.875,
    "f1-score": 0.9333333333333333,
    "support": 8
  },
  "hardskills": {
    "precision": 0.9166666666666666,
    "recall": 0.4230769230769231,
    "f1-score": 0.5789473684210527,
    "support": 26
  },
  "micro avg": {
    "precision": 0.8032786885245902,
    "recall": 0.6125,
    "f1-score": 0.6950354609929078,
    "support": 80
  },
  "macro avg": {
    "precision": 0.647808908045977,
    "recall": 0.49345009157509157,
    "f1-score": 0.5175073099415204,
    "support": 80
  },
  "weighted avg": {
    "precision": 0.8132722701149426,
    "recall": 0.6125,
    "f1-score": 0.6530884502923977,
    "support": 80
  }
}