{
  "location": {
    "precision": 1.0,
    "recall": 0.88,
    "f1-score": 0.9361702127659575,
    "support": 25
  },
  "language": {
    "precision": 1.0,
    "recall": 0.25,
    "f1-score": 0.4,
    "support": 4
  },
  "max_salary_for_position": {
    "precision": 1.0,
    "recall": 1.0,
    "f1-score": 1.0,
    "support": 11
  },
  "language_level": {
    "precision": 0.0,
    "recall": 0.0,
    "f1-score": 0.0,
    "support": 11
  },
  "experience": {
    "precision": 0.8918918918918919,
    "recall": 0.9428571428571428,
    "f1-score": 0.9166666666666667,
    "support": 35
  },
  "profession": {
    "precision": 1.0,
    "recall": 0.5,
    "f1-score": 0.6666666666666666,
    "support": 20
  },
  "hardskills": {
    "precision": 0.9705882352941176,
    "recall": 0.8918918918918919,
    "f1-score": 0.9295774647887325,
    "support": 37
  },
  "micro avg": {
    "precision": 0.9565217391304348,
    "recall": 0.7692307692307693,
    "f1-score": 0.8527131782945736,
    "support": 143
  },
  "macro avg": {
    "precision": 0.8374971610265728,
    "recall": 0.6378212906784336,
    "f1-score": 0.692725858698289,
    "support": 143
  },
  "weighted avg": {
    "precision": 0.889006859595095,
    "recall": 0.7692307692307693,
    "f1-score": 0.8098971201608302,
    "support": 143
  }
}