{
  "config": [
    [
      0.7056582633053221,
      0.7590476190476191,
      0.8622222222222221,
      0.5051461988304095,
      0.3274074074074074
    ],
    [
      0.8174074074074074,
      0.7133333333333332,
      0.6155555555555555,
      0.4266666666666667,
      0.3288888888888889
    ],
    [
      0.7108730158730159,
      0.6662931839402426,
      0.7037301587301587,
      0.5888888888888888,
      0.4066666666666666
    ]
  ],
  "experimental_config": [
    [
      0.6677124183006536,
      0.8422222222222222,
      0.788611111111111,
      0.578008658008658,
      0.6037037037037037
    ],
    [
      0.6988888888888888,
      0.7016666666666665,
      0.7412698412698414,
      0.3688888888888889,
      0.39161616161616164
    ],
    [
      0.7463888888888889,
      0.6166013071895425,
      0.5652631578947369,
      0.5466666666666666,
      0.5188888888888888
    ]
  ]
}